reviewId,reviewDate,mainDepartment,subDepartment,productName,reviewTitle,reviewStar,reviewText,inconsistentStatus
R38LORZTK28O9V,"Reviewed in the United States on July 24, 2021",Electronics,CellPhones and Accessories,"Ailun Glass Screen Protector Compatible for iPhone 11/iPhone XR, 6.1 Inch 3 Pack Tempered Glass",this one is not that good as they said. it is easy loose and has air bubble. I changed two already.,1.0,this one is not that good as they said. it is easy loose and hase air bubble after a few days. I already used thired one. :(,0
R1FYZE3DD3SJUA,"Reviewed in the United States on June 12, 2021",Electronics,Headphones,"Samsung Galaxy Buds Plus, True Wireless Earbuds (Wireless Charging Case Included), Black ‚Äì US Version",Comfortable earbuds!,4.0,I like these earbuds. They are very comfortable and stays in your ears all day. It also has a lasting battery life as well. The only problem that I have with them is the volume for the left side is lower than the right side. I have followed some YouTube videos advice but the volume is still a little low.,1
RLUQ56JD2R9M1,"Reviewed in the United States on April 22, 2021",Electronics,Camera and Accessories,"Blink Mini ‚Äì Compact indoor plug-in smart security camera, 1080 HD video, night vision, motion detection, two-way audio, Works with Alexa ‚Äì 1 camera",Easy Set-Up but Spotty motion detection,4.0,"I like this camera a lot. It is easy to set up, easy to use, and I like the cloud option. However, one main flaw is motion detection. Interestingly the cam detects motion in some cases but misses in other cases. I don't know what the reason for that is. If you are 6-7 ft away, then it does not detect your motion at all. I wish they could improve its motion detection feature a bit more. Then it would be a great indoor camera.",0
R9TAL1BMGD2JS,"Reviewed in the United States on July 2, 2021",Home and Kitchen,Beds,"Beckham Hotel Collection Bed Pillows for Sleeping - Queen Size, Set of 2 - Cooling, Luxury Gel Pillow for Back, Stomach or Side Sleepers","Very soft and don't lose their ""fluff""",3.0,"Very comfortable, can't remember if the were supposed to be memory foam or not, but I thought they were when i bought them, however they ARE very soft, like VERY soft, feels like sleeping on a cloud, also, they don't keep my head hot so I'm not sweating all over them, I'd buy again, and definitely recommend.",1
R28SSSHWPLRJGL,"Reviewed in the United States on June 7, 2021",Beauty and Personal Care,Makeup,"Physicians Formula, Murumuru Butter, Bronzer, 0.38 Oz",Worth the buy!!,5.0,"Love this, especially for my sensitivity with anything. Is perfect.",0
R2FNA1N8SH62TU,"Reviewed in Canada on January 11, 2016",Computers,Networking Products,"TP-Link TL-SG105 | 5 Port Gigabit Unmanaged Ethernet Network Switch, Ethernet Splitter | Plug & Play | Fanless Metal Design | Shielded Ports | Traffic Optimization | Limited Lifetime Protection",Spend a few extra $$$ to get a better management interface.,3.0,Interface is flimsy at best.  If I could return this item I would and I'd spend 5$ extra to buy a d-link managed switch with a decent web-interface.,1
RX2HDTP7TPDO4,"Reviewed in the United States on October 6, 2015",Computers,Networking Products,"TP-Link TL-SG105 | 5 Port Gigabit Unmanaged Ethernet Network Switch, Ethernet Splitter | Plug & Play | Fanless Metal Design | Shielded Ports | Traffic Optimization | Limited Lifetime Protection",Coil whine,2.0,"It works.  However, had a very high pitched whine / screeching noise when turned on.  Back to Amazon it goes, guess I'll try a different brand.",0
R1W6BKPQHP0UA1,"Reviewed in the United States on December 26, 2019",Electronics,Video games and accessories,Elite Series 2 Controller - Black,The best around,4.0,"Non responsive face buttons and one of the paddles are sitting improperly. That being said, it is a great product and would recommend. I am returning the one I have for a functional one and couldn't be excited enough to get back to gaming",0
RKKN1DINR37Y6,"Reviewed in the United States on December 1, 2020",Home and Kitchen,Furniture,"Amazon Basics Ergonomic Office Desk Chair with Armrests, Adjustable Height/Tilt, 360-Degree Swivel, 275Lb Capacity - Black",Lasted 19 months,3.0,I‚Äôve had this chair since March 2019 and it‚Äôs done.  The wheels have broken off and cannot be replaced since it‚Äôs the connection on the chair legs that‚Äôs broken.  Wish it had lasted longer now that I‚Äôm working from home.,1
R2BSDZG8BFVVOU,"Reviewed in the United States on October 21, 2020",Computers,Computer Accessories & Peripherals,"livho 2 Pack Blue Light Blocking Glasses, Computer Reading/Gaming/TV/Phones Glasses for Women Men,Anti Eyestrain & UV Glare (Light Blcak+Clear)",Not sure If these work,2.0,Pretty big frames. Not sure if these really work,1
R1T28K1QITVOO3,"Reviewed in Canada on May 30, 2020",Beauty and Personal Care,Makeup,"Physicians Formula, Murumuru Butter, Bronzer, 0.38 Oz",Broken packaging,3.0,I like this product but the packaging came broken and it feels cheep.,1
R3A6KBLEWIJYWH,"Reviewed in the United States on April 5, 2021",Home and Kitchen,"Heating, Cooling & Air Quality","Portable Electric Space Heater with Thermostat, 1500W/750W Safe and Quiet Ceramic Heater Fan, Heat Up 200 Square Feet for Office Room Desk Indoor Use",Purchased in Feb not working in April. I need a refund effortlessly,1.0,I haven't had this heater for four months and its stopped working. I'm going to ask for a refund,0
RV0QK3KBQV524,"Reviewed in the United States on June 7, 2021",Computers,Computer Accessories & Peripherals,"seenda Wireless Mouse, 2.4G Noiseless Mouse with USB Receiver - Portable Computer Mice for PC, Tablet, Laptop with Windows System - Mint Green",Worked for 2 days,1.0,"Purchased this mouse because I was looking for a quiet mouse that was comfortable to use.  As a bonus, I loved the colors.  Unfortunately it only worked for a couple of days. Would not recommend this product.",1
R5NXNILGYZVX9,"Reviewed in the United States on August 13, 2021",Electronics,Camera and Accessories,SAMSUNG: EVO Select 128GB MicroSDXC UHS-I U3 100MB/s Full HD & 4K UHD Memory Card with Adapter (MB-ME128HA),Got 35 MG less,1.0,"This is a RIP OFF . Bought a 512GB as advertised and the one i got has a capacity off 477GB. How can that be, 35MB is a lot. Not happy with this at all .",0
R2IV6GQSKTNK8T,"Reviewed in the United States on March 28, 2020",Home and Kitchen,Furniture,Furinno (99557LC/BK) Turn-N-Tube 4-Tier Multipurpose Shelf Display Rack - Light Cherry/Black,"Easy to assemble, not very sturdy, small and neat",3.0,"These are easy to assemble, a bit on the flimsy side, but cheap and thin for smaller spaces.",1
R29VWMQPZ99GH6,"Reviewed in the United States on March 28, 2020",Beauty and Personal Care,Makeup,"NYX PROFESSIONAL MAKEUP Epic Ink Liner, Waterproof Liquid Eyeliner, Black",Disappointed,3.0,Product just ran when I tried outlining my eyes,0
R26U09QB9Y60HE,"Reviewed in the United States on December 26, 2020",Computers,Computers & Tablets,"HP Chromebook 14-inch FHD Laptop, Intel Celeron N4000, 4 GB RAM, 32 GB eMMC, Chrome (14a-na0050nr, Mineral Silver)",What my grand kids needed,5.0,Bought 3 of these for my young grandkids for distant learning during the 2020 pandemic. No problem. we've been very satisfied.,0
R38TD2XFA0CIR1,"Reviewed in the United States on June 23, 2021",Electronics,CellPhones and Accessories,"(Refurbished) Apple iPhone 7, 32GB, Black - Fully Unlocked",Nice phone for the price. I bought it for my mother who is older,5.0,Well the phone was in perfect condition it really looked like it has never been used and everything works perfectly. Honestly there is no wear at all which really surprised me because I can be rather picky. I will write the rest from the standpoint of an 80 year old person which is who I bought it for in the first place.ProsNew conditionEasy to use and the accessibility options are very robust. This is very important to people 80+Apple app store  -Since the software is locked down by apple there is less chance anything strange will happen to it.ConsDont really have any complaints about the product it works great.,0
RXSO7EF90J5I,"Reviewed in the United States on January 13, 2021",Sports and Outdoors,Outdoor Recreation,Coleman Sundome Tent,Not great to use if it's raining/wet outside,4.0,Not really waterproof. it rained a little bit & it leaked through,1
RERLZ7DD111IK,"Reviewed in the United States on December 4, 2020",Home and Kitchen,Bath,"Gorilla Grip Luxury Chenille Bathroom Rug Mat, 30x20, Extra Soft and Super Absorbent Shaggy Rugs, Machine Washable, Quick Dry Bathmat, Plush Carpet for Tub, Shower and Bath Room Floor Mats, Grey",Mop looking rug,1.0,I didn‚Äôt use this item. I didn‚Äôt like the material of it. It looked like a mop. I‚Äôm sure it was absorbent. but it didn‚Äôt blend with the towels I orderedd through you a month ago. I love the towels.,1
R14TK8F7V29HIC,"Reviewed in the United States on August 27, 2021",Computers,Networking Products,Sabrent 4-Port USB 2.0 Hub with Individual LED lit Power Switches (HB-UMLS),It will not charge our IPhones,4.0,It does a great job of working anything but a charging cord for our phones. Don‚Äôt get this to charge your iPhone by plugging your cord into it. Everything else works great.,0
REDPSUNLWXE2D,"Reviewed in the United States on December 27, 2020",Beauty and Personal Care,Skin Care,"Neutrogena Hydro Boost Hyaluronic Acid Hydrating Water Gel Daily Face Moisturizer for Dry Skin, Oil-Free, Non-Comedogenic Face Lotion, 1.7 fl. oz",Impressed,4.0,My skin is very picky and i have not been able to find a moisturizer to help my skin in winter but also not break my skin out. I have combo skin and usually moisturizers break meOut. This was a long shot but i honestly saw results the first week. Face feels and looks 100 times better than usual. My routine is wipe with water upon wake and sleep and put this on right after.That‚Äôs it. I love the fresh scent and the fact i dont have to put much on to get an effect. I‚Äôm impressed and will continue to use!! :)  i feel like my face looks fresher and more awake. Love it so far!,0
R25JOPMLJWP908,"Reviewed in the United States on August 17, 2020",Sports and Outdoors,Sports & Fitness,Saucony Men's Multi-Pack Mesh Ventilating Comfort Fit Performance No-Show Socks,they are okay.  They do pill quickly..but who sees them.  About 1/2 of them don't stay on the foot.,3.0,they are okay.  They do pill quickly..but who sees them.?? About 1/2 of them don't stay on the foot.,1
RDORHKY8RMRVU,"Reviewed in the United States on August 31, 2021",Beauty and Personal Care,Hair Care,"REVLON One-Step Hair Dryer And Volumizer Hot Air Brush, Black, Packaging May Vary",Hate this! Can't use it...way to big to handle!,1.0,"I bought this as a gift for my daughter, when we opened the box and saw how big this thing is, we didn't even try to use it. You would have to have large hands and really long hair to be able to use this.I want to return it but only had 30 days to do so, which was past the date I gave this to her. Amazon's strict 30 day return policy on this in unfair.Am so disappointed!",0
RAT2DQ7H2O2ZB,"Reviewed in the United States on September 4, 2020",Beauty and Personal Care,Hair Care,"WOW Apple Cider Vinegar Shampoo and Hair Conditioner Set Increase Gloss, Hydration, Shine, Reduce Itchy Scalp, Dandruff & Frizz, No Parabens or Sulfates, All Hair Types, 2 x 16.9 Fl Oz 500mL",Doesn't work!,3.0,"This product has not helped with my hair regrowth at all! It makes my hair super greasy and wet looking too. Alopecians, its NOT worth the buy!",1
R1LSFYK62YHX02,"Reviewed in the United States on December 16, 2020",Electronics,Headphones,"Samsung Galaxy Buds Plus, True Wireless Earbuds (Wireless Charging Case Included), Black ‚Äì US Version","Lives up to the hype, but not for my ear canals.",3.0,It still hurts my ear canal even with all the tips,1
RUXYUU7CY9MJ9,"Reviewed in the United States on August 22, 2020",Home and Kitchen,Furniture,"Amazon Basics Ergonomic Office Desk Chair with Armrests, Adjustable Height/Tilt, 360-Degree Swivel, 275Lb Capacity - Black",Tiny and uncomfortable. Spring poked through. BAD QUALITY,1.0,The chair is way smaller than expected. It also is really uncomfortable to sit because the cushion absorbs the heat from your bottom.UPDATED 3/1/2021: The springs underneath the seat has poked through. Revealing the sharp end of the spring. Already have been cut once.,0
R37PB0I4HNJG6E,"Reviewed in the United States on September 2, 2021",Electronics,Headphones,TOZO T6 True Wireless Earbuds Bluetooth Headphones Touch Control with Wireless Charging Case IPX8 Waterproof Stereo Earphones in-Ear Built-in Mic Headset Premium Deep Bass for Sport Black,Not impressed at all,1.0,"I was looking for bose earbuds and came across this with over 140,000 reviews hyping these and I thought shoot these must be awesome. I was at the gym n they kept going in and out. They don't fit in the ear well when you move during workouts they try to fall out.",1
R1Z0D9JPM05AOQ,"Reviewed in the United States on November 14, 2019",Computers,Laptop Accessories,"havit HV-F2056 15.6""-17"" Laptop Cooler Cooling Pad - Slim Portable USB Powered (3 Fans), Black/Blue",Havit HV-F2056 15.6-17 Inch Laptop Cooling Pad,2.0,Worked fine for 5 months.  Then it died.,0
RJZHK5JY26OH7,"Reviewed in the United States on March 2, 2021",Home and Kitchen,Bath,"Gorilla Grip Luxury Chenille Bathroom Rug Mat, 30x20, Extra Soft and Super Absorbent Shaggy Rugs, Machine Washable, Quick Dry Bathmat, Plush Carpet for Tub, Shower and Bath Room Floor Mats, Grey",Soft and stays in place,4.0,Stays in place!,1
R13NZP4GS5W7Q2,"Reviewed in the United States on July 23, 2021",Computers,Networking Products,"TP-Link AC750 WiFi Extender (RE220), Covers Up to 1200 Sq.ft and 20 Devices, Up to 750Mbps Dual Band WiFi Range Extender, WiFi Booster to Extend Range of WiFi Internet Connection",Decent for the money,3.0,"Easy to set up, signal doesn‚Äôt reach as far as I was hoping and isn‚Äôt that strong but it does work",1
R29UC0APGKILJP,"Reviewed in the United States on May 4, 2021",Beauty and Personal Care,Shave & Hair Removal,"Schick Hydro Silk Touch-Up Multipurpose Exfoliating Dermaplaning Tool, Eyebrow Razor, and Facial Razor with Precision Cover, 3 Count (Packaging May Vary)",Careful,4.0,Trying these out. They are a tad bit sharper than the tinkle razors I usually get. Or maybe because the blade is longer. I‚Äôve seemed to nick myself a lot easier with these. But still do the job. Just be mindful and careful how you use,0
R1PAFK6ZAA1WWH,"Reviewed in the United States on August 10, 2021",Computers,Data Storage,Seagate BarraCuda 2TB Internal Hard Drive HDD ‚Äì 3.5 Inch SATA 6Gb/s 7200 RPM 256MB Cache 3.5-Inch ‚Äì Frustration Free Packaging (ST2000DM008/ST2000DMZ08),Real review lol,5.0,First one did not arrive but was sent a replacement and am happy . It does not come with power or date cable and think it should be displayed more so people know before buying but over all goodüëçüèº.,0
R2HQPLL752RJ2O,"Reviewed in the United States on September 9, 2020",Computers,Men's Accessories,"Carhartt Men's Knit Cuffed Beanie, Black/White, One Size",eh,3.0,exactly like the picture jist very small,1
R1472WDNVBFXXZ,"Reviewed in the United States on July 31, 2020",Sports and Outdoors,Outdoor Recreation,"Coleman Cooler Quad Portable Camping Chair, Blue",Amazing price for good quality!,4.0,"I bought these because they have a higher weight limit allowance.  Our first time using them was along the CA coast near San Simeon for an impromptu sunset dinner.  My husband has extremely wide shoulders and he fit wonderfully and comfortably in his chair, which held his weight nicely.  My chair was very comfortable for shorter periods of time; however, my legs are a bit short, so the front of the seat cut into my legs a bit with the chair on a hard-packed surface.  In sand on the beach, it will be just fine.  The extra storage in the left armrest is genius!  With a small frozen pack, it will likely hold 2-3 cans or 1-2 bottles, and it's insulated.  I would recommend wiping it out after use with a dry towel/cloth to avoid mold or mildew.  I would definitely buy these again.  I'm actually thinking of buying SEVERAL sets to give as gifts for Christmas this year.",0
RMSJAC0QE3QE3,"Reviewed in the United States on May 9, 2021",Electronics,Headphones,"Samsung Galaxy Buds Plus, True Wireless Earbuds (Wireless Charging Case Included), Black ‚Äì US Version",Extremely low volume after 8 months. No fix for it.,1.0,"Less than 1 year later, these have no volume and I've I've unable to fix it despite going through all the tech support and fixes available. They were really good when they were working though! It's a shame! I really enjoyed these, had them in just about all day at work. Small audio delay but not too horrible. If they didn't die out on me I would've given these 5 stars! Maybe the newer ones will be better.... lol",1
RBQZJBAA9106R,"Reviewed in the United States on August 9, 2021",Computers,Men's Clothing,"Gildan Men's Crew T-Shirts, Multipack",When you wash them they shrink too small,2.0,When you wash them they shrink too small,1
R13BKQ417HXXTD,"Reviewed in the United States on June 20, 2021",Home and Kitchen,"Heating, Cooling & Air Quality","Honeywell HT-900 TurboForce Air Circulator Fan Black, Small",Ok fan,3.0,Loses intensity quickly.,1
R133FAWE37Z2T9,"Reviewed in the United States on July 8, 2021",Beauty and Personal Care,Fragrance,"Nautica Voyage By Nautica For Men Eau De Toilette Spray, 100 ml",You want to smell like cheap Eu de toilet?,1.0,"You get what you pay... in this case a really really cheap spray that makes you wanna rip your clothes off. Keep your hands off this product, not worth the money.",0
R3KHU4Y2TVY0M5,"Reviewed in the United States on September 2, 2021",Computers,Computer Accessories & Peripherals,"seenda Wireless Mouse, 2.4G Noiseless Mouse with USB Receiver - Portable Computer Mice for PC, Tablet, Laptop with Windows System - Mint Green",Stopped working after 4 days,1.0,"Total waste of money, what a bummer",0
RIU6ZPUY5SWWF,"Reviewed in the United States on May 16, 2021",Computers,Computer Accessories & Peripherals,"livho 2 Pack Blue Light Blocking Glasses, Computer Reading/Gaming/TV/Phones Glasses for Women Men,Anti Eyestrain & UV Glare (Light Blcak+Clear)",One of the Temples Broke Off After a Month,2.0,"I like these glasses because they are very light-weight and seem to do the trick without being too expensive. But, one of the arms/temples came off after just about a month of use. I never found the little screw of the hinge but they were only worn in one place and I searched high and low. So now, one pair is unusable because they won't stay up without both temples.",0
R616BZOCO9A0I,"Reviewed in the United States on February 22, 2021",Beauty and Personal Care,Fragrance,"Cremo Blue Cedar & Cypress Cologne Spray, A Woodsy Scent with Notes of Lemon Peel, Cypress and Cedar, 3.4 Oz",Very potent,2.0,It was way too strong and overpowering.,1
R1AC97BU2I3LAJ,"Reviewed in the United States on April 20, 2021",Home and Kitchen,"Heating, Cooling & Air Quality","Portable Electric Space Heater with Thermostat, 1500W/750W Safe and Quiet Ceramic Heater Fan, Heat Up 200 Square Feet for Office Room Desk Indoor Use",Metallic odor?,3.0,Everything seems to be working fine except that it's pumping out metallic odor every time I turn on the fan with the heat. I was hoping that the odor would decline in just a few days if I use it for awhile but alas my room smells like a giant tin can now (even after 2 weeks...)Some sort of heavy metal gets melted a little when the heat is on and the fan blows it around the room? Somewhat concerned about this.,1
RGZ2RUZZP78UC,"Reviewed in the United Kingdom on February 25, 2019",Computers,Men's Accessories,"Goorin Bros. Men's Animal Farm Snap Back Trucker Hat, Black Horse, One Size",Very poor for a goorin bros in this range,2.0,"I own 2 more goorins from this range and comparing this cap to my others this one it seems poor quality & fit.Firstly the net web backing is very poor compared to my others the other caps even when taken off the net holds there shape and as strength,this one is floppy and collapses when taken off and when wearing it collapses in parts that are not supported by the bulk of your head. The peak of the cap  the width is also shorter to my others. On arrival it came in just a plastic postal bag with nothing to protect the cap and in my opinion it looks like it as been customer returned  shipped and sent back a number of times before its eventual delivery to me and the front looked tatty. I will reluctantly keep and just wear doing the garden and maintenance jobs were I don't care if it gets paint and filth on. I would not purchase another from this place in future. Lesson learned",0
R3L1P1W7XRASJS,"Reviewed in the United States on January 20, 2021",Computers,Computer Accessories & Peripherals,"livho 2 Pack Blue Light Blocking Glasses, Computer Reading/Gaming/TV/Phones Glasses for Women Men,Anti Eyestrain & UV Glare (Light Blcak+Clear)","Nothing fancy, but gets the job done",4.0,"These glasses are alright for blocking blue light, but they smudge easily and the reflection on the lenses is bothersome during zoom calls.They do their job well enough and were very affordable, so I'm pleased with the purchase.",0
R28JDP0C9W27QF,"Reviewed in the United States on July 22, 2020",Home and Kitchen,"Heating, Cooling & Air Quality","Lasko 2511 36‚Äù Oscillating 3-Speed Tower Remote Control Household Fans, 36 Inch, Black",Weak fan,2.0,"Is not strong, only has 3 levels and all three are weak. I can barely feel air.",0
R1UCL89KLX3A7H,"Reviewed in the United States on September 6, 2021",Computers,Computer Accessories & Peripherals,"livho 2 Pack Blue Light Blocking Glasses, Computer Reading/Gaming/TV/Phones Glasses for Women Men,Anti Eyestrain & UV Glare (Light Blcak+Clear)",The ones I got don‚Äôt work .,1.0,I‚Äôm not sure if all the glasses are the same or not but mine don‚Äôt block any blue light . They are completely transparent and don‚Äôt work . They are cute but i could buy the same ones at the dollar store . My friend bought the same ones and here‚Äôs you can see a blue reflection off of hers but not mine . I was disappointed for what I paid. .,1
R15QYFMWI9OO5G,"Reviewed in the United States on March 16, 2018",Computers,Men's Watches,Mens Digital Sports Watch LED Screen Large Face Military Watches for Men Waterproof Casual Luminous Stopwatch Alarm Simple Army Watch,bad band,2.0,"I liked the price and display, BUT the watch band broke after about 6mos. no way to replace the band.",0
R144YNJLDSYTTZ,"Reviewed in the United States on March 9, 2021",Electronics,GPS and Navigation,"Tracki 2021 Model Mini Real time GPS Tracker. Monthly fee required. Full USA & Worldwide Coverage. For Vehicles, Car, Kids, Elderly, child, Dogs & Motorcycles. Magnetic small Portable Tracking Device.",Separate fee for each tracker,3.0,"Ended  up sending product back .  We had ordered two and when we set up the app I realized each tracker was a separate monthly charge.  Might be good for someone only needing one tracker.  Product itself might be good , we didn‚Äôt get a chance to use it much.",1
R3UROE4FNYTQBW,"Reviewed in the United States on February 21, 2021",Beauty and Personal Care,Makeup,"Physicians Formula, Murumuru Butter, Bronzer, 0.38 Oz",Great!,5.0,"Loveee it!! Smells so good, and looks amazing. I have very fair skin, and this is the perfect shade. Easy to build up so you can go for a more dramatic or subtle look. Great price too, I like this one more than too face's or bobbi brown's üò≥",0
R36R85OTATM4SN,"Reviewed in the United States on August 21, 2021",Computers,Men's Shoes,New Balance Men's 623 V3 Casual Comfort Cross Trainer,Durable,5.0,Very satisfied with the fit and durability.  Have bought a third pair.  Probably will buy again because they are the most comfortable and best value I have found.,0
R2JV36Y3DXKH7F,"Reviewed in the United States on August 7, 2021",Beauty and Personal Care,Makeup,"NYX PROFESSIONAL MAKEUP Epic Ink Liner, Waterproof Liquid Eyeliner, Black",AMAZING,5.0,"I‚Äôve been using gel since I‚Äôve started using eyeliner, the gel liner I was using smudged easier than this, and when I went to take it off it smudged EVERYWHERE around my eye making it so much messier, tested this eyeliner out and it came off so easily and clean. I tested it being smudge/water proof and unless you‚Äôre applying A LOT of pressure it won‚Äôt smudge! If you use anything other than liquid you should definitely try, it‚Äôs so much easier to apply too even!",0
R3UEPL2APIC16A,"Reviewed in the United States on August 4, 2019",Beauty and Personal Care,"Foot,Hand & Nail Care","AIMEILI Gel Nail Polish No Wipe Top and Base Coat Set, Shine Finish and Long Lasting, Soak Off Gel Nail Lacquer - 2 x 10ml",Leaking bottle ruins top coat.  Before that it was fab.,3.0,"At first I LOVED this stuff.  Easy to use, cured to a shine.  After a few uses, the top coat bottle leaks and is a goey mess. I use gloves just to touch the bottle and keep it in a baggy.  Since it started to leak, it doesn‚Äôt cure right.  It can be lumpy, dull and may not cure to a hard finish.  Sad because it worked great before it had issues sealing tight. Otherwise, I‚Äôd give this 5 stars for sure.  I think I just got a bum bottle.",1
R1FO3QJ5ZR0FT3,"Reviewed in the United States on April 16, 2021",Computers,Computer Accessories & Peripherals,Redragon S101 Wired Gaming Keyboard and Mouse Combo RGB Backlit Gaming Keyboard with Multimedia Keys Wrist Rest and Red Backlit Gaming Mouse 3200 DPI for Windows PC Gamers (Black),It was great while it lasted!,1.0,"I've only had this keyboard for a couple of months but it's completely broken on me! the keyboard is completely broken! every time I try and type something only a select few keys work SOME OF THE TIME!! I really enjoyed it for the short time I had it though... The mouse still works though, and I like it.",0
R12GQ5UMXFDYUT,"Reviewed in the United States on July 13, 2016",Computers,Men's Watches,Invicta Pro Diver Unisex Wrist Watch Stainless Steel Automatic Black Dial - 8926OB,Two Stars,2.0,"Very dissapointed. After 3 months of having it, watched started acting crazy and merchant doesnt provide any warranty.",0
R1KFXXJOVI0DC8,"Reviewed in the United States on August 29, 2021",Computers,Computers & Tablets,"Lenovo Chromebook Flex 3 11"" Laptop, 11.6-Inch HD (1366 x 768) IPS Display, MediaTek MT8173C Processor, 4GB LPDDR3, 64 GB eMMC, Chrome OS, 82HG0006US, Blizzard White",Touchscreen,3.0,Touch screen stopped working 2 days in. Tried everything to get it back working with trouble shooting. Would like a republican or a refund.,1
RU3NLLOE1L2DL,"Reviewed in the United States on November 15, 2017",Computers,Men's Watches,"Fossil Men's Grant Quartz Stainless Steel and Leather Chronograph Watch, Color: Silver/Blue, Luggage (Model: FS5151)",Nice watch for everyday use or adornment,4.0,"This is a recent purchase, so I can't speak to how well the watch holds up over the months & years. So far it is keeping perfect time, though. The appearance is attractive and it feels ""solid."" Really quite good value for the price. My only mild criticisms center on the wristband. The leather strap is very stiff, not supple, so the watch doesn't rest snugly on my wrist and it can be difficult to bend the strap enough to slide it through the first loop, which is very close to the buckle. I don't know whether it will stay this way, get softer with use, or crack and break after a few months. If it does, then I would probably go ahead and invest in a new leather strap that felt better and went on & off easier.Some reviewers have complained about the tin box the watch comes in because it can look a bit ""banged up"" or used. But I think that's intentional. After all, the company is called Fossil, not ""Shiny Chrome!""",0
R24PEFUDTZDZ52,"Reviewed in the United States on July 13, 2021",Electronics,GPS and Navigation,"Tile Pro (2020) 1-pack - High Performance Bluetooth Tracker, Keys Finder and Item Locator for Keys, Bags, and More; 400 ft Range, Water Resistance and 1 Year Replaceable Battery",Works great,5.0,Works all over the house.,1
R1OOJ964JGT2MT,"Reviewed in the United States on July 26, 2021",Computers,Computer Accessories & Peripherals,"seenda Wireless Mouse, 2.4G Noiseless Mouse with USB Receiver - Portable Computer Mice for PC, Tablet, Laptop with Windows System - Mint Green",Spoilt within the first few months,1.0,This mouse is not of great quality. The buttons are loose and spoil easily. You have to keep shaking the mouse for the battery to get detected.,0
R1GQWR9487XW1J,"Reviewed in the United States on May 1, 2021",Home and Kitchen,Bath,"Gorilla Grip Luxury Chenille Bathroom Rug Mat, 30x20, Extra Soft and Super Absorbent Shaggy Rugs, Machine Washable, Quick Dry Bathmat, Plush Carpet for Tub, Shower and Bath Room Floor Mats, Grey",Very nice rugs.,4.0,Very soft. A little too small for my taste but work well. Hope they wash well as haven‚Äôt done that yet.,0
R3DHU4NGJ0G0VF,"Reviewed in the United States on October 13, 2018",Sports and Outdoors,Sports & Fitness,Wilson Soft Play Volleyball,Not soft,3.0,The ball is fine but It is not soft despite the word ‚Äúsoft‚Äù on the product title.  My 8 year old got bruises on her arm.,1
R3KONYRYF78MB7,"Reviewed in the United States on October 6, 2020",Beauty and Personal Care,"Foot,Hand & Nail Care","Hard As Hoof Nail Strengthening Cream with Coconut Scent Nail Strengthener, Nail Growth & Conditioning Cuticle Cream Stops Splits, Chips, Cracks & Strengthens Nails, 1 oz","Meh, Would Not Buy Again",1.0,I saw no difference in my nails after using this product continuously for several weeks.,0
R1TJC10P4RWE0A,"Reviewed in the United States on May 10, 2019",Computers,Men's Watches,Invicta Pro Diver Unisex Wrist Watch Stainless Steel Automatic Black Dial - 8926OB,stops running all day,1.0,stops running,0
RZVOHI5LGT8CO,"Reviewed in the United States on August 19, 2021",Beauty and Personal Care,Skin Care,"Neutrogena Hydro Boost Hyaluronic Acid Hydrating Water Gel Daily Face Moisturizer for Dry Skin, Oil-Free, Non-Comedogenic Face Lotion, 1.7 fl. oz",Natural-like face moisturizing,5.0,"The product does what it says it will do, The result is dependable, consistent, and beautiful.",0
R1H7M69HIFW666,"Reviewed in the United States on August 15, 2019",Sports and Outdoors,Outdoor Recreation,Coleman Sundome Tent,Need to patch tear on floor before first use.,2.0,"Finally setting this tent up for the first time out of the box. There is a short 2 inch ‚Äúrun‚Äù in the floor material where it looks like it was grazed by something sharp that damaged the tarp-like fabric. It‚Äôs tiny, but enough to let water in or maybe some tiny bugs in like ticks or chiggers. So I am not super happy about that. I‚Äôll need to find a way to patch it as I don‚Äôt want to deal with shipping this thing back.",0
R35IA0MZN3N6RQ,"Reviewed in the United States on April 23, 2020",Beauty and Personal Care,Shave & Hair Removal,"Schick Hydro Silk Touch-Up Multipurpose Exfoliating Dermaplaning Tool, Eyebrow Razor, and Facial Razor with Precision Cover, 3 Count (Packaging May Vary)",Meh,1.0,Blades were/are not at all sharp. Waste of $$,0
R3CCV27GDHUID,"Reviewed in the United States on August 22, 2021",Computers,Men's Shoes,adidas Men's Adilette Shower Slide,They are what they were represented to be,5.0,They are what they were represented to be,1
RVTA45V67I1YU,"Reviewed in the United States on June 3, 2021",Computers,Laptop Accessories,"havit HV-F2056 15.6""-17"" Laptop Cooler Cooling Pad - Slim Portable USB Powered (3 Fans), Black/Blue",Quiet and Effective,4.0,"My laptop runs very hot. Until I purchased this fan, its internal fan was running at full tilt constantly. My laptop fan rarely runs anymore and this fan is incredibly quiet - we have one in our home office/bedroom and I can't hear it at night. I have 3 of them - one for my home office, one for work, one for my modem/router. The fan died on one of them and made a horrible noise, so I had to replace it, but otherwise no complaints. I happily purchased another one of the same fan.",0
R29Y8PXY5DIMGT,"Reviewed in the United States on January 20, 2021",Beauty and Personal Care,Fragrance,"Nautica Voyage By Nautica For Men Eau De Toilette Spray, 100 ml",No comment,4.0,,1
R1GHMZKLYGCZSU,"Reviewed in the United States on August 30, 2021",Home and Kitchen,Beds,"Beckham Hotel Collection Bed Pillows for Sleeping - Queen Size, Set of 2 - Cooling, Luxury Gel Pillow for Back, Stomach or Side Sleepers",Perfect,5.0,Finally a good nights rest!,0
R36JRONOQSA6DE,"Reviewed in the United States on July 24, 2021",Computers,Data Storage,"Seagate Portable 2TB External Hard Drive Portable HDD ‚Äì USB 3.0 for PC, Mac, PS4, & Xbox - 1-Year Rescue Service (STGX2000400)",Junk,1.0,"Doesn‚Äôt work. Downloaded kids Xbox games and with in month drive wasn‚Äôt working or recognized by exbox. Changed chord nothing, had to re format and re download and same thing. Won‚Äôt show up. Other things plugged in USB ports work so it‚Äôs drive not Xbox. Waste of money.",1
RQZPORIGUZK6Y,"Reviewed in the United States on November 8, 2020",Computers,Laptop Accessories,"havit HV-F2056 15.6""-17"" Laptop Cooler Cooling Pad - Slim Portable USB Powered (3 Fans), Black/Blue",Not worth it try other cooling methods,1.0,I see no significant change in my temps while gaming. I still use it as a stand. Would not recommend. Little loud for the small amount of force the fans put out,0
R1A09PUMY2U2RF,"Reviewed in the United States on September 8, 2021",Computers,Networking Products,"TP-Link AC750 WiFi Extender (RE220), Covers Up to 1200 Sq.ft and 20 Devices, Up to 750Mbps Dual Band WiFi Range Extender, WiFi Booster to Extend Range of WiFi Internet Connection",Solved my WiFi problem,5.0,Easy to set up and extended my WiFi network in a snap!,0
R2CS31VUYT0AQ7,"Reviewed in the United States on August 28, 2021",Home and Kitchen,Beds,"Beckham Hotel Collection Bed Pillows for Sleeping - Queen Size, Set of 2 - Cooling, Luxury Gel Pillow for Back, Stomach or Side Sleepers",The Best,5.0,Love these pillows.  This is the second time ordering in three years.  Will order again.,0
RQFR28A5MCJQZ,"Reviewed in the United States on May 3, 2021",Beauty and Personal Care,Makeup,"NYX PROFESSIONAL MAKEUP Epic Ink Liner, Waterproof Liquid Eyeliner, Black",Perfect for everyday wear and more,5.0,"I'm not very good with eye liner pencils and have always used an applicator brush with pomades. I decided to give it try because the price was not too bad. Am I glad I did!! It's very easy to use, dries up almost immediately, does not smudge even if wearing for than 8 hours. My eyes were not irritated either and I have super sensitive skin.",0
R3T3SBSY8JNU6X,"Reviewed in the United States on March 26, 2021",Home and Kitchen,Beds,SafeRest Queen Size Premium Hypoallergenic Waterproof Mattress Protector - Vinyl Free,Mattress protected,4.0,"Great quality, and my new mattress is not in any danger of accidents.",0
R29XBF9FYUL4NN,"Reviewed in the United States on May 9, 2021",Electronics,Camera and Accessories,"Blink Mini ‚Äì Compact indoor plug-in smart security camera, 1080 HD video, night vision, motion detection, two-way audio, Works with Alexa ‚Äì 1 camera",Feedback sound,3.0,Makes some kind of weird feedback sound when recording.,1
R3VFRGVSF8PWX0,"Reviewed in the United States on August 3, 2021",Computers,Men's Accessories,TRAVANDO Mens Slim Wallet with Money Clip AUSTIN RFID Blocking Bifold Credit Card Holder for Men with Gift Box (Carbon),This is literally a basic wallet you can find anywhere,3.0,"Nothing to dislike about the wallet, per se, but it is just 'basic'.Description makes it seems like its innovatingly thin -but it's not. It's like any wallet you find at Marshalls or Ross or anywhere else for 15 bucks.",1
R2U4MIWOKC5MM,"Reviewed in the United States on November 29, 2020",Computers,Computers & Tablets,"Acer Aspire 5 A515-46-R14K Slim Laptop | 15.6"" Full HD IPS | AMD Ryzen 3 3350U Quad-Core Mobile Processor | 4GB DDR4 | 128GB NVMe SSD | WiFi 6 | Backlit KB | Amazon Alexa | Windows 10 Home (S mode)",Total rip off,2.0,"I purchased this laptop Aug 2020 for my son who  is homeschooling  , we have used this computers handful of times. The mouse is no longer working . This is so disappointing. The window to return the laptop ended Sept 2020 ONE MONTH after purchasing it , how can that be!? But you are given a few month to return  expensive items .",0
RLU0QZJ0R3KV7,"Reviewed in the United States on August 16, 2021",Computers,Data Storage,"Seagate Portable 2TB External Hard Drive Portable HDD ‚Äì USB 3.0 for PC, Mac, PS4, & Xbox - 1-Year Rescue Service (STGX2000400)",Great Item,5.0,Perfect hard drive for gamers Amazon deliver same day,0
R2XQ89KHMV27KJ,"Reviewed in the United States on April 22, 2020",Electronics,CellPhones and Accessories,"(Refurbished) Apple iPhone 7, 32GB, Black - Fully Unlocked",Very Convenient,3.0,"At this time, there isn't anything not to like about it",1
R2VQVWQS88ESW1,"Reviewed in the United States on August 7, 2021",Home and Kitchen,Furniture,"FURINNO Econ Multipurpose Home Office Computer Writing Desk, French Oak Grey",Great deal!,5.0,It‚Äôs a small desk but it‚Äôs great for the price. Cant beat it! I wouldn‚Äôt put anything now than 60 lbs on it. But for a laptop and a printer and some files this should be great!,0
R2MBMTN5F9GHSO,"Reviewed in the United States on April 17, 2021",Beauty and Personal Care,Skin Care,"Neutrogena Hydro Boost Hyaluronic Acid Hydrating Water Gel Daily Face Moisturizer for Dry Skin, Oil-Free, Non-Comedogenic Face Lotion, 1.7 fl. oz",I bought it in April 2021 and it expires in July 2021 ...,3.0,I bought it in April 2021 and it expires in July 2021 ...,0
R28J0VZDXX0MKK,"Reviewed in the United States on January 30, 2021",Beauty and Personal Care,Makeup,"NYX PROFESSIONAL MAKEUP Epic Ink Liner, Waterproof Liquid Eyeliner, Black","Not my favorite formula, great brush though",3.0,"This stuff is NOT smudge proof. It smears like crazy. That being said it does last a full day out, but I‚Äôm in constant fear that if I accidentally touch it then it‚Äôs gonna smear. Even when my hand isn‚Äôt wet it smears to the touch. I do really like the shape of the brush, I feel like I have a lot of control when putting it on. I much prefer NYXs matte eyeliner though and will be sticking to that instead.",1
R2FA7Z0WP5NQEE,"Reviewed in the United States on March 24, 2021",Beauty and Personal Care,Shave & Hair Removal,"Finishing Touch Flawless Women's Painless Hair Remover , White/Rose Gold",Just not good,1.0,TERRIBLE.. you have to press down on your skin really hard for it to actually remove hair and it hurts ALOT. My skin is red afterwards. It almost feels like it‚Äôs pulling it but really patchy. Look elsewhere.,0
R2SYFQKGRLZI60,"Reviewed in the United States on August 20, 2021",Electronics,Headphones,"Samsung Galaxy Buds Plus, True Wireless Earbuds (Wireless Charging Case Included), Black ‚Äì US Version",It worths the money paid.,5.0,"The noise cancellation could be better, however, it is still a good value for money.",0
R19BJP8VK9FTOG,"Reviewed in the United States on August 19, 2021",Home and Kitchen,Bath,"Utopia Towels Grey Towel Set, 2 Bath Towels, 2 Hand Towels, and 4 Washcloths, 600 GSM Ring Spun Cotton Highly Absorbent Towels for Bathroom, Shower Towel, (Pack of 8)",Not true color,1.0,These towels were a faded pink.  Not the vibrant pink as in picture.  Very disappointing,0
RS2H98LHY3M9U,"Reviewed in the United States on August 11, 2021",Computers,Men's Shoes,adidas Men's Adilette Shower Slide,It was a gift for my boyfriend.,5.0,"My boyfriend said that they were a little tight. He has an older pair, which he had worn for a long time.  They pair was broken into.  He needed to break these in.",1
R1RMXP15WG7DMQ,"Reviewed in the United States on January 11, 2021",Computers,Computer Accessories & Peripherals,"livho 2 Pack Blue Light Blocking Glasses, Computer Reading/Gaming/TV/Phones Glasses for Women Men,Anti Eyestrain & UV Glare (Light Blcak+Clear)",To early to tell,3.0,Liked the quality of glassesLight weightStylish,1
R2I4S7OX4PO32R,"Reviewed in the United States on August 17, 2021",Computers,Networking Products,Sabrent 4-Port USB 2.0 Hub with Individual LED lit Power Switches (HB-UMLS),Didn‚Äôt work,1.0,Broken upon arrival & returned,0
R13OU0V95C2Z2,"Reviewed in the United States on July 28, 2021",Beauty and Personal Care,Hair Care,"REVLON One-Step Hair Dryer And Volumizer Hot Air Brush, Black, Packaging May Vary",Too hot,3.0,Great concept. Love using one hand to style. So much volume. Down side is the temperature gets way too hot & there‚Äôs really no variance most of the time.,1
R1GS2P6LU1M4XI,"Reviewed in the United States on May 12, 2021",Home and Kitchen,Furniture,Furinno (99557LC/BK) Turn-N-Tube 4-Tier Multipurpose Shelf Display Rack - Light Cherry/Black,exactly what I needed to display some things,5.0,Dont plan on putting very heavy things on this but sertainly greatfor small objects or magazines that you want to get at quickly. Looks nice and fast to assemble.,0
R1DIQ0N1XZZK1L,"Reviewed in the United States on May 29, 2021",Home and Kitchen,Beds,SafeRest Queen Size Premium Hypoallergenic Waterproof Mattress Protector - Vinyl Free,Mattress has Shiny Fibers that falls everywhere,1.0,Shiny fibers from the mattress that get everywhere! Not sure if this is safe or not but very concerning. May or may not cause irritation and/or itching.,1
R1P4UGT3WBPM6B,"Reviewed in the United States on May 28, 2021",Sports and Outdoors,Sports & Fitness,"Fitbit Charge 4 Fitness and Activity Tracker with Built-in GPS, Heart Rate, Sleep & Swim Tracking, Black/Black, One Size (S &L Bands Included)",You cant see the time in the sun.,2.0,Very disappointed with this item.  You cant read the time or any other information on the face of it if in the sun. I have linked the app to my Iphone more than once and it still doesn't stay linked. I will either move back to Garmin or try and apple watch. But I will NOT go back to a Fitbit,0
R3HW256BI89UM4,"Reviewed in the United States on April 24, 2021",Computers,Men's Clothing,Fruit of the Loom Men's Coolzone Boxer Briefs,Good,3.0,They or ok.,0
R2VUW02PO11U1W,"Reviewed in the United States on August 2, 2021",Sports and Outdoors,Sports & Fitness,"Fit Simplify Resistance Loop Exercise Bands with Instruction Guide and Carry Bag, Set of 5",don't have one,4.0,These bands were referred to me but haven't used them yet. I'm sure they will be fine. The delivery was so quick. love that!!,0
RGQJB2NSQ5PYK,"Reviewed in the United States on November 18, 2020",Beauty and Personal Care,Skin Care,"Bio-Oil Skincare Oil, Body Oil for Scars and Stretchmarks, Serum Hydrates Skin, Non-Greasy, Dermatologist Recommended, Non-Comedogenic, 4.2 Ounce, For All Skin Types, with Vitamin A, E",Do not buy,1.0,This oil made me break out so bad,0
R2KZTCLX5LV2VM,"Reviewed in the United States on August 16, 2021",Beauty and Personal Care,Shave & Hair Removal,"Schick Hydro Silk Touch-Up Multipurpose Exfoliating Dermaplaning Tool, Eyebrow Razor, and Facial Razor with Precision Cover, 3 Count (Packaging May Vary)",Love it,5.0,"I love how easy it was to use this to remove all the peach fuzz on my face. The little attachment for trimming your brows worked perfectly, no more tweezing for me! At first I was anxious that I'd nick myself, but it's literally impossible with these. So glad I made the investment, my face feels so smooth. It didn't really exfoliate though, just removed all the hair.",0
R19HMI3ZITFB1,"Reviewed in Canada on September 11, 2020",Computers,Computers & Tablets,"Lenovo Chromebook Flex 3 11"" Laptop, 11.6-Inch HD (1366 x 768) IPS Display, MediaTek MT8173C Processor, 4GB LPDDR3, 64 GB eMMC, Chrome OS, 82HG0006US, Blizzard White",Pretty good but charging port went,2.0,Charging port has already gone on one of these and getting help to fix it is impossible!,1
RTV6NLK9CX5UA,"Reviewed in the United States on July 14, 2021",Computers,Men's Watches,"Fossil Men's Grant Quartz Stainless Steel and Leather Chronograph Watch, Color: Silver/Blue, Luggage (Model: FS5151)",Nice watch,3.0,Watch lacked glow at night reading and no stop watch.  Thought it have other gadgets.  Shows knobs on side but dont work.  It looks n ice.,1
R3GYW543F7MXDV,"Reviewed in the United States on May 8, 2021",Computers,Computer Accessories & Peripherals,"livho 2 Pack Blue Light Blocking Glasses, Computer Reading/Gaming/TV/Phones Glasses for Women Men,Anti Eyestrain & UV Glare (Light Blcak+Clear)",Doesn‚Äôt work and caused a rash on my face,1.0,Doesn‚Äôt work and I developed a rash using it on my face. I see no difference when I flash the blue light on the lens.,0
R2S06OOUUQK483,"Reviewed in the United States on June 3, 2021",Home and Kitchen,Furniture,"FURINNO Econ Multipurpose Home Office Computer Writing Desk, French Oak Grey",Worst product on Amazon so far,1.0,"It was missing multiple things. I can‚Äôt even build it. I have no screws, no nails and I don‚Äôt have my fabric bin.",1
R1OMGF5GU2UBQR,"Reviewed in the United States on March 23, 2021",Home and Kitchen,Furniture,"Amazon Basics Ergonomic Office Desk Chair with Armrests, Adjustable Height/Tilt, 360-Degree Swivel, 275Lb Capacity - Black",Good for a month,1.0,This chair was fine for about a month but then the seat cushion went entirely flat. A few months after that the chair stopped staying up. Maybe I just got unlucky but I wouldn't waste your money on this chair.,1
R27Q7EYSBDI0ZN,"Reviewed in the United States on July 19, 2021",Home and Kitchen,Bath,Hair Catcher Durable Silicone Hair Stopper Shower Drain Covers Easy to Install and Clean Suit for Bathroom Bathtub and Kitchen 5 Pack,I liked,5.0,Is working üí™,1
R355G4W4SDFWDU,"Reviewed in the United States on August 20, 2021",Home and Kitchen,Kitchen and Dining,"Instant Pot Duo 7-in-1 Electric Pressure Cooker, Slow Cooker, Rice Cooker, Steamer, Saute, Yogurt Maker, Sterilizer, and Warmer, 6 Quart, 13 One-Touch Programs",It does not provide me with what I expected according to the details of the sale,2.0,I really wanted to like this instapot. I gave away my slow cooker in hopes to get all in one. The one feature I was excited about was the rice cooking feature. I've used it three times and the rice is always gooey and sticks to the pan. It wastes rice and is hard to clean. I used it one other time for slow cooking beans and they did not turn out that well. I've read all of the instructions but just not happy with how it works. I can't return it since I've used it several times so a waste of money for me.,0
RQCQE1C8N0465,"Reviewed in the United States on July 9, 2019",Home and Kitchen,Bath,"Utopia Towels Grey Towel Set, 2 Bath Towels, 2 Hand Towels, and 4 Washcloths, 600 GSM Ring Spun Cotton Highly Absorbent Towels for Bathroom, Shower Towel, (Pack of 8)","Very attractive,",4.0,"Nice color, very plush.",0
RNBBRFJKFDILD,"Reviewed in the United States on September 28, 2018",Computers,Men's Shoes,New Balance Men's 623 V3 Casual Comfort Cross Trainer,"Good shoe, look elsewhere if you have a very wide foot.",3.0,"Looked for wide shoe, but this was not wide enough.",0
R3IBXYQCWL6IW7,"Reviewed in the United States on July 17, 2021",Electronics,GPS and Navigation,"Tile Pro (2020) 1-pack - High Performance Bluetooth Tracker, Keys Finder and Item Locator for Keys, Bags, and More; 400 ft Range, Water Resistance and 1 Year Replaceable Battery",Tracking cats,4.0,Use these on cats collars for find them when they hide.  Works pretty good.  Has half a block range.  Battery on last ones listed over a year I think,0
R2158HU1DSDUY9,"Reviewed in the United States on July 26, 2021",Electronics,Headphones,TOZO T6 True Wireless Earbuds Bluetooth Headphones Touch Control with Wireless Charging Case IPX8 Waterproof Stereo Earphones in-Ear Built-in Mic Headset Premium Deep Bass for Sport Black,Very uncomfortable in the ears.,2.0,Horrible. Super unconfortalve in the ears. They fall out every 3 minutes. Would return but accidentally through my label away.,0
RGDOMOFASCL0R,"Reviewed in the United States on June 15, 2021",Home and Kitchen,"Heating, Cooling & Air Quality","Portable Electric Space Heater with Thermostat, 1500W/750W Safe and Quiet Ceramic Heater Fan, Heat Up 200 Square Feet for Office Room Desk Indoor Use",Efficient,5.0,Kept our 24 foot rv warm when it was below freezing outside.  Surprisingly quiet. We're very pleased,0
R1J1YYABAGOXX4,"Reviewed in the United States on July 19, 2021",Home and Kitchen,Beds,"Beckham Hotel Collection Bed Pillows for Sleeping - Queen Size, Set of 2 - Cooling, Luxury Gel Pillow for Back, Stomach or Side Sleepers",Nice pillows at a reasonable price,4.0,This is a well made pillow so much so that I reordered two more which on both occasions arrived quickly,0
R2NERP03NS3KJH,"Reviewed in Canada on May 11, 2021",Electronics,GPS and Navigation,"Tile Pro (2020) 1-pack - High Performance Bluetooth Tracker, Keys Finder and Item Locator for Keys, Bags, and More; 400 ft Range, Water Resistance and 1 Year Replaceable Battery",Not too reliable.,3.0,"Its a fun little gadget and obviously useful but I can only rate it 2/5 for reliability.  When I tap the [Find] button on my app, my device will often fail to locate the Tile.  I'll even hold my Tile Pro right next to the phone and I'll still get an onscreen message telling me that it cannot establish a connection.  This is frustrating to say the least when its just a test.  Imagine losing your house keys and then not being able find them because your app keeps telling you it cannot locate  your Tile.",1
R2FS13MHRIJDXS,"Reviewed in the United States on December 18, 2020",Computers,Computer Accessories & Peripherals,"seenda Wireless Mouse, 2.4G Noiseless Mouse with USB Receiver - Portable Computer Mice for PC, Tablet, Laptop with Windows System - Mint Green",Smaller than expected,2.0,Smaller than expected. Ended up returning.,1
R3OJRZ4CXVLROQ,"Reviewed in the United States on July 9, 2021",Home and Kitchen,Beds,SafeRest Queen Size Premium Hypoallergenic Waterproof Mattress Protector - Vinyl Free,Loose fit,4.0,Did not like that it does not fit snug,1
R1AZKCVVKKZN5R,"Reviewed in the United States on July 5, 2021",Computers,Men's Shoes,adidas Men's Adilette Shower Slide,Up your size,1.0,I like them but when I tried it on it didn't fit. Crazy. Never had that problem with buying flip flops. I wear a size 13 so I returned them back the same day.,1
R38JJ8G4UJL3N1,"Reviewed in the United States on March 27, 2021",Computers,Men's Clothing,"Gildan Men's Crew T-Shirts, Multipack",Nice and affordable.,3.0,They‚Äôre good for the price you pay.,1
RPT5K7PQKQ1AU,"Reviewed in the United States on June 1, 2021",Sports and Outdoors,Sports & Fitness,"Fitbit Charge 4 Fitness and Activity Tracker with Built-in GPS, Heart Rate, Sleep & Swim Tracking, Black/Black, One Size (S &L Bands Included)",Not good for counting flights of stairs,3.0,Doesn't count most residential flights of stairs.  Need to fix the cut-off on the altimeter,0
R2UI9E0OF6ZXVN,"Reviewed in the United States on June 19, 2021",Sports and Outdoors,Sports & Fitness,"ComfyBrace Posture Corrector-Back Brace for Men and Women- Fully Adjustable Straightener for Mid, Upper Spine Support- Neck, Shoulder, Clavicle and Back Pain Relief-Breathable",Reliable and Cheap,4.0,"If you're looking for something that can help with posture, this is a good choice because of the adjustability of the straps. I wear it a lot for when I'm sitting and doing work and I've noticed less of a strain on my back. The pricing wasn't too bad either.",0
RRU4IYUV41C3R,"Reviewed in the United States on December 19, 2020",Home and Kitchen,Furniture,"Amazon Basics Ergonomic Office Desk Chair with Armrests, Adjustable Height/Tilt, 360-Degree Swivel, 275Lb Capacity - Black","Very uncomfortable , no tilt lock",2.0,"The chair looks good, but the seat cushion is very bad, I can feel the board, For a tall man, most of my thigh remain outside, and it's not comfortable, I am not even sure this chair is not good for an adult. It's very hard to recline the chair, bad from Amazon.",0
R2PDTWO7CGFDSV,"Reviewed in the United States on February 15, 2021",Home and Kitchen,Kitchen and Dining,"Etekcity Food Kitchen Scale, Digital Grams and Ounces for Weight Loss, Baking, Cooking, Keto and Meal Prep, Small, 304 Stainless Steel",Was great until it wasn't,2.0,"Originally gave 5 stars because it worked meticulously.  Dropped it in the dishwater for about half a second and it no longer works.  I've tried everything.  If I take the battery out and put it back in, the numbers will come back on, but it won't zero out and is inaccurate.  I'm really disappointed because it worked so well for several weeks.",0
R3TODXNB70C7PY,"Reviewed in the United States on August 4, 2021",Beauty and Personal Care,Shave & Hair Removal,"Finishing Touch Flawless Women's Painless Hair Remover , White/Rose Gold",Great item would purchase again.,5.0,Love this and will purchase again. Easy to use and does the job at getting the peach fuzz off my face which getting rid of the peach fuzz makes my makeup go on so much more smoothly.,0
R27LZ7NIACZFPF,"Reviewed in the United States on August 24, 2021",Electronics,GPS and Navigation,"Tracki 2021 Model Mini Real time GPS Tracker. Monthly fee required. Full USA & Worldwide Coverage. For Vehicles, Car, Kids, Elderly, child, Dogs & Motorcycles. Magnetic small Portable Tracking Device.",Using to track Turo car,5.0,Works great. Using to track a car I have on Turo. Easy to hide. Battery lasts. And their customer service is great! They followed up to register the lifetime warranty and to ensure it was working well. This actually the second one we have as a household.,0
RHHVCFGSWRH0Z,"Reviewed in the United States on April 4, 2021",Home and Kitchen,"Heating, Cooling & Air Quality","Lasko 2511 36‚Äù Oscillating 3-Speed Tower Remote Control Household Fans, 36 Inch, Black","Fan works well, but the noise is a nuisance",3.0,"I purchased a Lasko heater a few months ago and have been really happy with it. Needed a fan for my bedroom and wanted a white model, so thought I'd be safe going with this one. Well, the fan works well (lowest setting is actually all I need), but as others have said, the high pitched irregular whirring noise it makes is almost unbearable. I've had it about a week and just haven't wanted to go through the hassle of packing it up and sending it back, so may end up just replacing it and giving this unit away. FWIW, the noise doesn't keep me up or wake me up, but listening to it before bed is excruciating.",1
RW05G4EIDD7J6,"Reviewed in the United States on August 3, 2021",Home and Kitchen,Kitchen and Dining,"Etekcity Food Kitchen Scale, Digital Grams and Ounces for Weight Loss, Baking, Cooking, Keto and Meal Prep, Small, 304 Stainless Steel",Not usable after a few months,1.0,"This item continually zeroes out when adding weight to the scale, it is now simply unusable, very disappointing.",0
R1A7UF1TAS02T0,"Reviewed in the United States on June 9, 2021",Home and Kitchen,"Heating, Cooling & Air Quality","Portable Electric Space Heater with Thermostat, 1500W/750W Safe and Quiet Ceramic Heater Fan, Heat Up 200 Square Feet for Office Room Desk Indoor Use",Shut itself down after 10 minutes at 130F,2.0,"I needed it to warm a box to 130F continuously. It shut itself down after 10 minutes and would not turn back on until it got cool. I'm sure it works fine as a space heater for low temperatures, but saying it goes to 156F is not correct.",1
R1UJILUQKC1ODQ,"Reviewed in the United States on September 27, 2020",Beauty and Personal Care,Hair Care,"WOW Apple Cider Vinegar Shampoo and Hair Conditioner Set Increase Gloss, Hydration, Shine, Reduce Itchy Scalp, Dandruff & Frizz, No Parabens or Sulfates, All Hair Types, 2 x 16.9 Fl Oz 500mL",Not extraordinary,3.0,Nothing to write home about.  Not a Wow product.,1
R2M8Y1J96VGYZY,"Reviewed in the United States on March 25, 2019",Sports and Outdoors,Sports & Fitness,Saucony Men's Multi-Pack Mesh Ventilating Comfort Fit Performance No-Show Socks,Nice socks.,4.0,Socks fit good.,0
R15LW5RUB2O42D,"Reviewed in the United States on June 3, 2021",Computers,Networking Products,"TP-Link TL-SG105 | 5 Port Gigabit Unmanaged Ethernet Network Switch, Ethernet Splitter | Plug & Play | Fanless Metal Design | Shielded Ports | Traffic Optimization | Limited Lifetime Protection",Works good sauce,4.0,Works well. I just wish it was easier to mount.,0
R1SJXJG1SAFG9T,"Reviewed in Canada on March 11, 2020",Electronics,GPS and Navigation,"Tile Pro (2020) 1-pack - High Performance Bluetooth Tracker, Keys Finder and Item Locator for Keys, Bags, and More; 400 ft Range, Water Resistance and 1 Year Replaceable Battery","Good battery, good app, bad speaker/vibration.",2.0,It‚Äôs now been,1
RR7UK1LSGG6VX,"Reviewed in the United States on July 26, 2018",Computers,Data Storage,"SanDisk - SDDDC2-128G-G46 128GB Ultra Dual Drive USB Type-C - USB-C, USB 3.1 - SDDDC2-128G-G46 Gray",Must remove my case to use.,3.0,"I have a minimalistic Incipio case on my Note 8.The type C male will not insert without removing the case every time. This is a deal breaker, and makes me feel stupid for having bought it. An Anker OTG cable, Type C to USB 3.0 speed Type USB Type A female inserts fine and then a standard flash drive inserted works fine.",1
RETP3PD9V1CE2,"Reviewed in the United States on May 16, 2014",Computers,Men's Watches,"Fossil Men's Grant Quartz Stainless Steel and Leather Chronograph Watch, Color: Silver/Blue, Luggage (Model: FS5151)",The worst watch ever.  Not worth the money spent,1.0,"broken second hand and stern; quit working in only 4 months of light use.  Return to Jomashop for repair but they not fix it, saying it does not cover under waranty",1
RRWB58EG6SDOM,"Reviewed in the United States on December 17, 2020",Home and Kitchen,Kitchen and Dining,"Etekcity Food Kitchen Scale, Digital Grams and Ounces for Weight Loss, Baking, Cooking, Keto and Meal Prep, Small, 304 Stainless Steel",Lasted 9 months,2.0,Loved this scale but started sticking and would not change oz. grams etc. Changed batteries and it worked for one day. Today it started displaying random numbers on its own. Just bought this in March. Inexpensive but you get what you pay for. Went in the recycling bin.,1
R2Y601W7BG6QTO,"Reviewed in the United States on December 9, 2015",Sports and Outdoors,Outdoor Recreation,Master Lock 8143D Bike Lock Cable with Combination,cable,3.0,"too coily. plastic combo numbers and mechanism. ok for the price,",1
R1QLM06YMVFHOL,"Reviewed in the United States on April 21, 2021",Home and Kitchen,Beds,SafeRest Queen Size Premium Hypoallergenic Waterproof Mattress Protector - Vinyl Free,Mattress pad has many uses,4.0,This mattress pad is thin and without the padding I am used to in past mattress pads I have bought. The water resistant layer will give my new mattress added protection when the younger grandchildren lay on the bed. Washed beautifully. Fits our 17 inch mattress with ample room. My adult children with allergies will appreciate the protection.,0
R23YVE6LZV3541,"Reviewed in the United States on November 27, 2019",Sports and Outdoors,Outdoor Recreation,Doctor Developed Copper Wrist Brace / Carpal Tunnel Wrist Brace / Wrist Support / Wrist Splint / Hand Brace -F.D.A. Class I Medical Device & Doctor Handbook -Night Support for Women & Men -Right & Left hands (Single),Comfortable but can‚Äôt get it off!,3.0,The Velcro on these are so strong I have to use pliers to grip the edge to pull the Velcro apart. Ordered this item before but grip wasn‚Äôt so strong.,1
R3HHDW8JZ34Z7A,"Reviewed in the United States on June 26, 2021",Home and Kitchen,Bath,"Gorilla Grip Luxury Chenille Bathroom Rug Mat, 30x20, Extra Soft and Super Absorbent Shaggy Rugs, Machine Washable, Quick Dry Bathmat, Plush Carpet for Tub, Shower and Bath Room Floor Mats, Grey",That feeling of safety says everything.,5.0,"Mat does not slip, which is wonderful.",0
R2N8L2HS80C81B,"Reviewed in the United States on December 17, 2020",Beauty and Personal Care,"Foot,Hand & Nail Care","AIMEILI Gel Nail Polish No Wipe Top and Base Coat Set, Shine Finish and Long Lasting, Soak Off Gel Nail Lacquer - 2 x 10ml","I do not recommend, but the builder gel is great",3.0,After using this product as instructed I realized that the topcoat comes off way too easy. I am not happy with it. I do like the builder gel but other than that I do not like this product,1
R33RZ3VMMLX5SB,"Reviewed in the United States on February 9, 2021",Electronics,Headphones,"Samsung Galaxy Buds Plus, True Wireless Earbuds (Wireless Charging Case Included), Black ‚Äì US Version",Great until recent update,3.0,"These were great when i first bought in August 2020, could listen to the music loud & still hear people around me. Recent update, on the highest volume i can barely hear them.",1
R2ZIA33KGI1BQ4,"Reviewed in the United States on August 1, 2020",Electronics,Video games and accessories,Nintendo Joy-Con (L)/(R) Fortnite Fleet Force Bundle - Nintendo Switch,left joycon does not work,1.0,"The left joycon does not work and only will move side to side, specifically bought this because my other joycons went bad as well.",0
R3DWYQZPQ7T155,"Reviewed in the United States on January 3, 2021",Home and Kitchen,Kitchen and Dining,"Instant Pot Duo 7-in-1 Electric Pressure Cooker, Slow Cooker, Rice Cooker, Steamer, Saute, Yogurt Maker, Sterilizer, and Warmer, 6 Quart, 13 One-Touch Programs","Love the Instant Pot, but.",4.0,"I have used my Instapot 10 times and it has performed perfectly each time.  Rice and grains are just right.  The reason for a 4 star instead of a 5 star is, the programable face needs to be lit.  I cannot see the right button to push and have to tip the pot to the light or use the flashlight.",0
R3LEM2PYYFABFN,"Reviewed in the United States on January 25, 2021",Beauty and Personal Care,Hair Care,"Castor Oil USDA Organic Cold-Pressed (16oz) 100% Pure Hexane-Free Castor Oil - Conditioning & Healing, For Dry Skin, Hair Growth - For Skin, Hair Care, Eyelashes - Caster Oil By Sky Organics",It works!,1.0,"So far I used it on my eyebrows and eyelashes, I can see the difference already!Can‚Äôt wait to use it on my hair.",1
R36Y8KC9VKKFLA,"Reviewed in the United States on July 14, 2021",Sports and Outdoors,Sports & Fitness,"Fit Simplify Resistance Loop Exercise Bands with Instruction Guide and Carry Bag, Set of 5",good  product,5.0,will buy again,1
R2YTW824TJN0F5,"Reviewed in the United States on April 8, 2021",Beauty and Personal Care,Skin Care,"Neutrogena Hydro Boost Hyaluronic Acid Hydrating Water Gel Daily Face Moisturizer for Dry Skin, Oil-Free, Non-Comedogenic Face Lotion, 1.7 fl. oz",Fragrance causes irritation,2.0,The extremely high fragrance content in this product can be hazardous to sensitive skin,1
R1IKBKGACNTI8Y,"Reviewed in the United States on August 8, 2020",Computers,Laptop Accessories,"havit HV-F2056 15.6""-17"" Laptop Cooler Cooling Pad - Slim Portable USB Powered (3 Fans), Black/Blue",Just what I needed,4.0,Work laptop began overheating causing processing issues purchased this and no more issues.  Now I even use it to cool down my iPhone that overheats sometimes.,1
R2I2HGSXXJZ55U,"Reviewed in the United States on August 9, 2019",Computers,Data Storage,"SanDisk - SDDDC2-128G-G46 128GB Ultra Dual Drive USB Type-C - USB-C, USB 3.1 - SDDDC2-128G-G46 Gray",Fast.,4.0,"Small and easy to use.  Love the USB-C feature that I will be able to use on my new iPad Pro 11"".  But, I should have gotten one with larger storage.  For my usage 128GB is just a bit small.",0
R22UAT0L9H90M1,"Reviewed in the United States on October 4, 2019",Computers,Laptop Accessories,"havit HV-F2056 15.6""-17"" Laptop Cooler Cooling Pad - Slim Portable USB Powered (3 Fans), Black/Blue",IF U R A 3FT TALL PERRSON,2.0,"This would probably work really well , or if u use your computer on the floor, next to the outlet---Hooray! I'm so very tired of getting the wrong item  or a poorly conceived item from Amazon--this does not reach tony desk orbed or chair---the cord which must stay plugged when using, is too short to box with my computer,( leaving God out of it), so I have to search for or buy an additional item to have this one work for me. The first 3 items I bought in this area were futile :first item appeared immediately after the typed in specific item--Iordered it and it was simply wrong item. Second item --at least it was the correct category, but  altho time frame fitted the specs it would not work on that years' Mac.! I do not want to spend my life sending things back  to  Amazon  or purchasing more items to make the first item work. Never again!",0
R2DQCVNZW5C9LF,"Reviewed in the United States on June 27, 2021",Home and Kitchen,Bath,"Gorilla Grip Luxury Chenille Bathroom Rug Mat, 30x20, Extra Soft and Super Absorbent Shaggy Rugs, Machine Washable, Quick Dry Bathmat, Plush Carpet for Tub, Shower and Bath Room Floor Mats, Grey",Beautiful and cheerful color,5.0,When you buy this rug you will not regret it it's bright.. It's beautiful it's soft and its stays in place well... I will buy more rugs from this company... I love this rug,0
R2LX0PWIPVGVWV,"Reviewed in the United States on April 26, 2020",Sports and Outdoors,Outdoor Recreation,"Vont 2 Pack LED Camping Lantern, Super Bright Portable Survival Lanterns, Must Have During Hurricane, Emergency, Storms, Outages, Original Collapsible Camping Lights/Lamp (Batteries Included)",Quality of Material,3.0,"I would to start by saying that these lamps seems great. As soon as they arrive we turn them on to see how bright they were and for the price I think they are very bright. I am giving a 3 stars review because when my husband opened one for the first time, there was a little pice of it that fell off, this leads me to believe that the quality of the material is not very good. In regards to brightness I can say it is bright but since my husband had this experience whith the Lamp I am not sure I can say it will last very long.",1
R3AXQ6FVTT0H37,"Reviewed in the United States on May 13, 2021",Home and Kitchen,"Heating, Cooling & Air Quality","Portable Electric Space Heater with Thermostat, 1500W/750W Safe and Quiet Ceramic Heater Fan, Heat Up 200 Square Feet for Office Room Desk Indoor Use",Noisy.  Great with heat output but should come with earplugs,3.0,"Love the heat output, but the noise is off-putting.",1
R2PK77QC30ODEV,"Reviewed in the United States on July 12, 2021",Computers,Men's Accessories,TRAVANDO Mens Slim Wallet with Money Clip AUSTIN RFID Blocking Bifold Credit Card Holder for Men with Gift Box (Carbon),Too big,2.0,Returned it was too big,1
RXC2BKFIZV8X5,"Reviewed in the United States on April 15, 2021",Home and Kitchen,"Heating, Cooling & Air Quality","Honeywell HT-900 TurboForce Air Circulator Fan Black, Small",Do not buy - did not work,1.0,"Out of the box this item did not work. There was a small hum indicating it was trying to operate, but the blades did not turn.",1
R34YU4NHV0M2CC,"Reviewed in the United States on April 10, 2021",Sports and Outdoors,Sports & Fitness,"Fitbit Charge 4 Fitness and Activity Tracker with Built-in GPS, Heart Rate, Sleep & Swim Tracking, Black/Black, One Size (S &L Bands Included)",Monitoring my hourly 250 steps on Fitbit,4.0,"I was looking for a Fitbit that would allow me to know how many steps I needed for my hourly 250 steps. This Fitbit does that. However, it was a learning curve to find that. I now have that figured out so, I am very happy.",0
RSVF5QUAP3FYG,"Reviewed in the United States on November 4, 2020",Home and Kitchen,"Heating, Cooling & Air Quality","Honeywell HT-900 TurboForce Air Circulator Fan Black, Small",Honeywell not what it used to be.,2.0,"I was really disappointed in the hi speed setting on this unit. I have an older Honeywell fan identical to this one and when on high, you could really tell due to the strong air flow. The new unit when on high feels like the medium setting on the old unit.",1
RRUNH37GRDBJ4,"Reviewed in the United States on January 14, 2020",Beauty and Personal Care,"Foot,Hand & Nail Care","AIMEILI Gel Nail Polish No Wipe Top and Base Coat Set, Shine Finish and Long Lasting, Soak Off Gel Nail Lacquer - 2 x 10ml",Needs a UV lamp...,4.0,Can't really write a review because I didnt notice that this nail polish needs a uv lamp to cure the polish. Noticed it on the bottle. So be warned,1
R1XQGTKRKBCUCX,"Reviewed in the United States on December 13, 2020",Computers,Computer Accessories & Peripherals,Redragon S101 Wired Gaming Keyboard and Mouse Combo RGB Backlit Gaming Keyboard with Multimedia Keys Wrist Rest and Red Backlit Gaming Mouse 3200 DPI for Windows PC Gamers (Black),just get something else..,3.0,"First, it was pretty good while it lasted. I don't know why but the switches didn't sound as they were advertised.But just after 2 weeks, I was very disappointed with it. The LED's have became dimmer, and the back stand (idk what its called) didn't help much. And the mouse lagged A LOT. The price has gone up, and I don't think it's worth it. Even my sister's SADES which was cheaper performed very much better. Think before you buy. But I do recommend it for gaming. Everything else isn't good.",1
R3EXVM55WX8MU0,"Reviewed in the United States on May 8, 2021",Computers,Laptop Accessories,"MOSISO Compatible with MacBook Air 13 inch Case 2020 2019 2018 Release A2337 M1 A2179 A1932 Retina Display Touch ID, Plastic Hard Shell&Keyboard Cover&Screen Protector&Storage Bag, Transparent",Dont Buy,1.0,"Very diapoint, didnt protected at all mi mac. Buy a real protector. Mi mac ir ruined for trusting this cheap cover,",0
R872XP31GADVB,"Reviewed in the United States on July 3, 2021",Beauty and Personal Care,Skin Care,"Avarelle Acne Pimple Patch (40 Count) Absorbing Hydrocolloid Spot Treatment with Tea Tree Oil, Calendula Oil and Cica, Certified Vegan, Cruelty Free (ORIGINAL / 40 COUNT)",Commonly.,2.0,I think it‚Äôs a little facial.,1
RFP73C3GH0G0Y,"Reviewed in the United States on March 24, 2021",Electronics,CellPhones and Accessories,"Ailun Glass Screen Protector Compatible for iPhone 11/iPhone XR, 6.1 Inch 3 Pack Tempered Glass",Not durable,2.0,"It fit well but did a crappy job protecting my screen. My phone fell from the vent clip holder in my car onto the gear shift and not only was the ""screen protector"" cracked but phone screen was cracked as well. The crack was so deep that the screen starting turning black where the crack was. Luckily I have insurance on my phone and was able to get the screen replaced. It's cheap so I guess you get what you pay for.",1
R3HQPQCNSDRP2T,"Reviewed in the United States on March 3, 2021",Home and Kitchen,Furniture,"FURINNO Econ Multipurpose Home Office Computer Writing Desk, French Oak Grey",Leg room,3.0,I used I for school,0
R25RGE6IOIDTVP,"Reviewed in the United States on July 2, 2021",Computers,Computer Accessories & Peripherals,Redragon S101 Wired Gaming Keyboard and Mouse Combo RGB Backlit Gaming Keyboard with Multimedia Keys Wrist Rest and Red Backlit Gaming Mouse 3200 DPI for Windows PC Gamers (Black),not very bright,3.0,it could be brighter,1
R19Q8W96BEI2X9,"Reviewed in Canada on May 26, 2021",Sports and Outdoors,Outdoor Recreation,Doctor Developed Copper Wrist Brace / Carpal Tunnel Wrist Brace / Wrist Support / Wrist Splint / Hand Brace -F.D.A. Class I Medical Device & Doctor Handbook -Night Support for Women & Men -Right & Left hands (Single),Disappointed,2.0,A bit disappointed as I had high hopes after reading the reviews. It is difficult for me to get this tight enough on my wrist by myself so I have to try multiple times on my own to get the fit right. The thumb part is also uncomfortable as it pulls at my thumb and makes it feel like it‚Äôs going to go numb. I will sadly be returning and trying a different product.,0
R26ELU272NRQ7B,"Reviewed in the United States on May 6, 2021",Computers,Laptop Accessories,"MOSISO Compatible with MacBook Air 13 inch Case 2020 2019 2018 Release A2337 M1 A2179 A1932 Retina Display Touch ID, Plastic Hard Shell&Keyboard Cover&Screen Protector&Storage Bag, Transparent",Looks great,5.0,Sleek design. Love it. The stickers that come with the keyboard are to keep the keyboard cover in place.,0
R1AJ610CZSS4QS,"Reviewed in the United States on September 14, 2020",Beauty and Personal Care,Hair Care,"Castor Oil USDA Organic Cold-Pressed (16oz) 100% Pure Hexane-Free Castor Oil - Conditioning & Healing, For Dry Skin, Hair Growth - For Skin, Hair Care, Eyelashes - Caster Oil By Sky Organics",üëç,4.0,I liked itI mix it in my coconut oil n apply in hairs 1s a while,0
R3M2E77DXDWG9F,"Reviewed in the United States on August 18, 2021",Electronics,Video games and accessories,Elite Series 2 Controller - Black,Best controller,5.0,This is the controller Xbox series X/S we deserve,1
R38L84ONHZI5QF,"Reviewed in the United States on December 7, 2018",Computers,Men's Watches,"Fossil Men's Grant Quartz Stainless Steel and Leather Chronograph Watch, Color: Silver/Blue, Luggage (Model: FS5151)",Nice but Disappointed,4.0,"Super nice watch, very much as expected. Only bad thing is that the box was dented from the side which I was very disappointed about. Overall, nice Fossil watch.",0
R16IY78JWTNO69,"Reviewed in the United States on March 31, 2021",Computers,Men's Clothing,"Gildan Men's Crew T-Shirts, Multipack",Ehhh,3.0,"Maybe I've gained weight, but these are pretty snug in the xl size.  Under armour and nike xl usually fit me well.",1
R3GM74J95A45L2,"Reviewed in the United States on August 10, 2021",Home and Kitchen,Bath,"Gorilla Grip Luxury Chenille Bathroom Rug Mat, 30x20, Extra Soft and Super Absorbent Shaggy Rugs, Machine Washable, Quick Dry Bathmat, Plush Carpet for Tub, Shower and Bath Room Floor Mats, Grey","Safe, good grip on floor",5.0,"Comfy, great grip, best bath rug that I‚Äôve ever had",0
R1ETM057RK6SDN,"Reviewed in the United States on July 7, 2021",Beauty and Personal Care,Shave & Hair Removal,"Finishing Touch Flawless Women's Painless Hair Remover , White/Rose Gold",Painless,5.0,I have used an epilator for a number of years.  I was amazed at how painless this was.  Wish I had bought it a long time ago!,0
R3AFLTYDR2HLNT,"Reviewed in the United States on July 12, 2021",Computers,Men's Clothing,Fruit of the Loom Men's Coolzone Boxer Briefs,Not Ideal for Chair Sitting,2.0,These still bunch up to where you have to adjust yourself... Might recommend getting one size bigger to avoid.,1
R2GW3YNH1RH0QT,"Reviewed in the United States on August 26, 2021",Electronics,Camera and Accessories,"Blink Mini ‚Äì Compact indoor plug-in smart security camera, 1080 HD video, night vision, motion detection, two-way audio, Works with Alexa ‚Äì 1 camera",excellent for the pets,5.0,"The girlfriend gets a little anxious when we leave the pets at home, so this is great to let her check in on them.",0
R3DX4EGF33TBVY,"Reviewed in the United States on December 17, 2020",Beauty and Personal Care,Shave & Hair Removal,"SoftSheen-Carson Magic Razorless Shaving for Men, Magic Extra Strength Shaving Powder, for Coarse Textured Beards, formulated for Black Men, Depilatory, Helps Stop Razor Bumps, 5 oz, Red",NOT for sensitive skin,1.0,"Not for sensitive skin, smell is awful",0
R36ZSUG3380V99,"Reviewed in the United States on August 10, 2021",Computers,Computer Accessories & Peripherals,"seenda Wireless Mouse, 2.4G Noiseless Mouse with USB Receiver - Portable Computer Mice for PC, Tablet, Laptop with Windows System - Mint Green",Works great for everyday use.  Rather small for most people.,5.0,"I like the small size of the mouse.  It works great, better than the Microsoft mouse I just tossed.",0
R2HNDNJC7SYC0Z,"Reviewed in the United States on August 20, 2021",Computers,Computers & Tablets,"SAMSUNG Galaxy Tab A 8.0-inch Android Tablet 64GB Wi-Fi Lightweight Large Screen Feel Camera Long-Lasting Battery, Black",It works fine,4.0,"The only issue I have is the touch screen.. it only works 30% of the time, I constantly have to press the screen and long press and retouch the screen.. other than that it works fine.",0
R7XT09OTROCBU,"Reviewed in the United States on July 31, 2021",Computers,Computers & Tablets,"ASUS Laptop L210 Ultra Thin Laptop, 11.6‚Äù HD Display, Intel Celeron N4020 Processor, 4GB RAM, 64GB Storage, NumberPad, Windows 10 Home in S Mode with One Year of Microsoft 365 Personal, L210MA-DB01",Good long charge,4.0,Battery life is awesome,0
R3LBBMO24TJSDW,"Reviewed in the United States on October 13, 2020",Computers,Computers & Tablets,"SAMSUNG Galaxy Tab A 8.0-inch Android Tablet 64GB Wi-Fi Lightweight Large Screen Feel Camera Long-Lasting Battery, Black",It is what it is,3.0,"You get what you pay for - a slow, functional samsung tablet.Great for letting the kids watch movies on with nothing serious risked.",1
R1TRI97CJEFAMX,"Reviewed in the United States on June 13, 2020",Beauty and Personal Care,Shave & Hair Removal,"Schick Hydro Silk Touch-Up Multipurpose Exfoliating Dermaplaning Tool, Eyebrow Razor, and Facial Razor with Precision Cover, 3 Count (Packaging May Vary)",Poor quality,1.0,The first one I tried had an uneven cutting surface.,0
RP6TJNAQAHZSR,"Reviewed in the United States on April 8, 2021",Home and Kitchen,Beds,"Utopia Bedding Throw Pillows Insert (Pack of 2, White) - 18 x 18 Inches Bed and Couch Pillows - Indoor Decorative Pillows",Just okay.,3.0,Shame on me for ordering two sets. They‚Äôre just okay. I wish they were more fluffy to better fit the pillow cover.They ship flat. You open the package and hope they fluff up. They don‚Äôt.,1
R1P0EYO8KHB7AT,"Reviewed in the United States on May 5, 2021",Sports and Outdoors,Outdoor Recreation,Coleman Sundome Tent,Easy to set up,5.0,That it is lightweight,1
R7T3SE7W9G32D,"Reviewed in the United States on September 2, 2021",Beauty and Personal Care,Hair Care,"REVLON One-Step Hair Dryer And Volumizer Hot Air Brush, Black, Packaging May Vary",Very functional,5.0,"No more taking an hour to straighten all this hair! It takes too long to do w a straight iron so for this price, it‚Äôs a great product. Throw it in the gym bag and use it at the gym and voila, hair done in minutes. Where had this been my whole life?",0
R3TVURIBVGFN8K,"Reviewed in the United States on December 20, 2020",Electronics,GPS and Navigation,"Garmin 010-02064-00 Instinct, Rugged Outdoor Watch with GPS, Features Glonass and Galileo, Heart Rate Monitoring and 3-Axis Compass, Graphite",Excellent battery life,4.0,"This took some getting used to but I'm better with it each day. I had a very cheap fitness tracker before that worked well for keeping track of steps and heart rate but was horrible at accurate sleep. This has many features, many I may never use but it keeps very good and accurate track of sleep, steps, heart rate and other things. I am now using it on  walks and hikes. It is nice that it gives you all the details such as a map of your actual route, elevation, miles traveled, heart rate etc...I am averaging about 15 days of battery life before recharging. It being winter and it is is always covered when I'm outside, I have not been able to take advantage of the solar charging yet.",0
R2B53PUMJAV8GD,"Reviewed in the United States on August 15, 2021",Computers,Networking Products,Sabrent 4-Port USB 2.0 Hub with Individual LED lit Power Switches (HB-UMLS),Disappointed,2.0,Disappointed that it can't do fast charging. It is painfully slow. It now lives in a drawer.,0
R3BBWCSOPD8NH5,"Reviewed in the United States on September 5, 2021",Computers,Men's Watches,Mens Digital Sports Watch LED Screen Large Face Military Watches for Men Waterproof Casual Luminous Stopwatch Alarm Simple Army Watch,Be careful with screen,2.0,"The screen scratches so easily. I couldn‚Äôt remember how I even scratched it. Everything else is great about the watch but that screen will scratch instantly. So I rate this 3 stars because all the features work but after the screen scratches it‚Äôs close to worthless to me now, I don‚Äôt wear it as much anymore.",0
R9Y0K7QF54BRF,"Reviewed in the United States on March 11, 2021",Computers,Computers & Tablets,"ASUS Laptop L210 Ultra Thin Laptop, 11.6‚Äù HD Display, Intel Celeron N4020 Processor, 4GB RAM, 64GB Storage, NumberPad, Windows 10 Home in S Mode with One Year of Microsoft 365 Personal, L210MA-DB01",Great back up,4.0,Well worth the price. Small long battery life. Enough capability to support remote learning,0
R1NMQ7DWYT7MHO,"Reviewed in the United States on January 12, 2021",Electronics,Video games and accessories,"BENGOO G9000 Stereo Gaming Headset for PS4 PC Xbox One PS5 Controller, Noise Cancelling Over Ear Headphones with Mic, LED Light, Bass Surround, Soft Memory Earmuffs for Laptop Mac Nintendo NES Games",the speaker does not pick up very much noise,3.0,looks and sounds really good.,1
R172FT9WGWP8JM,"Reviewed in the United States on July 1, 2020",Beauty and Personal Care,Makeup,"NYX PROFESSIONAL MAKEUP Epic Ink Liner, Waterproof Liquid Eyeliner, Black",goes on great but does flake as the day goes on,4.0,I purchased this as a dupe for Kat Von D's tattoo liner. And it does glide on very well and its great for the price. But not sure I will buy again. It does tend to flake off and falls under my eyes. For my 45yr old face I might need the tattoo liner from Kat.,1
RHH84WBT2GKCD,"Reviewed in the United States on September 13, 2020",Home and Kitchen,Bath,"Gorilla Grip Luxury Chenille Bathroom Rug Mat, 30x20, Extra Soft and Super Absorbent Shaggy Rugs, Machine Washable, Quick Dry Bathmat, Plush Carpet for Tub, Shower and Bath Room Floor Mats, Grey",Very soft. Does not wash well in washing machine,3.0,Loved the way this felt & absorbed. I bought two sets and wash weekly. The grip disintegrated in the washer & dryer. Not ideal. There‚Äôs little rubber pieces everywhere,1
R1IWWRFU5OBKWR,"Reviewed in the United States on December 23, 2020",Electronics,Camera and Accessories,SAMSUNG: EVO Select 128GB MicroSDXC UHS-I U3 100MB/s Full HD & 4K UHD Memory Card with Adapter (MB-ME128HA),128GB is actually 118GB,2.0,"I bought the 128gb memory card and it only gave me 118 Gpb of usable memory. Where did the other 10GB go? It looks legit, and came from Amazon, but not happy with the fact that I lost 10GB for the offering. Complete and utterly false advertising. I want a replacement or return, this is BS.",0
R379NY0KKPJ8VJ,"Reviewed in the United States on August 8, 2021",Computers,Men's Shoes,Crocs Men's and Women's Classic Clog,Strange sizing!,1.0,"I've been purchasing the same size for years, yet this pair was too big....Very disappointed.",0
RGNZ48DHXU8VX,"Reviewed in the United States on June 23, 2021",Computers,Men's Clothing,Fruit of the Loom Men's Coolzone Boxer Briefs,Really good,4.0,Nice product,0
R3B8VB1NZW63BY,"Reviewed in the United States on June 24, 2021",Computers,Computer Accessories & Peripherals,"livho 2 Pack Blue Light Blocking Glasses, Computer Reading/Gaming/TV/Phones Glasses for Women Men,Anti Eyestrain & UV Glare (Light Blcak+Clear)",The best,5.0,It was a great fit !,0
R1R32C434JSHUQ,"Reviewed in the United States on June 3, 2021",Home and Kitchen,Kitchen and Dining,"Magic Bullet Blender, Small, Silver, 11 Piece Set",Has no Lasting power if used regularly,2.0,"Ok, so I purchased this for my bday to help with adding calories to my diet through smoothies. I've used it about 3 times a week when I work from home. This thing already broke at 4:30 a.m before my meditation at that. I hate when co.panies sell trash products.",0
RER4WGG654QJ8,"Reviewed in the United States on August 13, 2021",Beauty and Personal Care,Hair Care,"REVLON One-Step Hair Dryer And Volumizer Hot Air Brush, Black, Packaging May Vary",I bought this in May and it has already quit working.  So disappointed!!,1.0,I loved the product just wish it would last longer than three months.,1
R3I1Q9Z0XC15QX,"Reviewed in the United States on November 12, 2019",Sports and Outdoors,Sports & Fitness,Saucony Men's Multi-Pack Mesh Ventilating Comfort Fit Performance No-Show Socks,Very good,4.0,Nice and in a good size  but just a bit  too thick  for the israeli Weather.,0
R1AKXAKI05ENRI,"Reviewed in the United States on June 22, 2020",Home and Kitchen,Furniture,"Amazon Basics Ergonomic Office Desk Chair with Armrests, Adjustable Height/Tilt, 360-Degree Swivel, 275Lb Capacity - Black",it won't maintain the same height,1.0,"item arrived fast, took me about 30 min to put together which isn't bad at all.  this is where the good stuff ends.  I bought the chair at the beginning of the Covid 19 outbreak in March, by June the chair's height adjustment has failed--it will let you adjust up but within a day it will completely bottom out.  to maintain your desired height you have to continuously adjust it through out the day.  With me having to focus on my monitor at least 8 hours a day i often don't realize what is happening until my back/neck pain is disrupting my focus.  I weight around 150 so unless this chair is intended for children it is not a weight issue.So, if you want a super low chair, this chair is good for the price.  otherwise, spend a few extra dollars to get a better chair.",1
R2FO5M78U6HNZH,"Reviewed in the United States on December 17, 2020",Electronics,CellPhones and Accessories,Moto G Power | 3-Day Battery1 | Unlocked | Made for US by Motorola | 4/64GB | 16MP Camera | 2020 | Black,definitely holds a charge,2.0,the camera isn't great and my bf says it sounds like crap when i'm talking on the phone.,0
R2MWVPT0BH84ND,"Reviewed in the United States on February 27, 2021",Home and Kitchen,Beds,SafeRest Queen Size Premium Hypoallergenic Waterproof Mattress Protector - Vinyl Free,Great Product !,4.0,"Met my expectations ,recommended highly !",0
R19045V1MWXSBP,"Reviewed in the United States on September 1, 2021",Beauty and Personal Care,Makeup,"NYX PROFESSIONAL MAKEUP Epic Ink Liner, Waterproof Liquid Eyeliner, Black",Absolutely wonderful!,5.0,Love this! Even I can make a great cat eye with this! ü•∞,0
R1I5UG9V9RA4E6,"Reviewed in the United States on July 3, 2021",Sports and Outdoors,Sports & Fitness,Saucony Men's Multi-Pack Mesh Ventilating Comfort Fit Performance No-Show Socks,Great socks for running,4.0,Great socks. I use them for running. OnlyIssue is they run big. I‚Äôm a size 13 so I got the xl(13-15) and they‚Äôre huge. Go a size down,0
R3EGR6GYSAWLLT,"Reviewed in the United States on August 17, 2021",Electronics,Headphones,TOZO T6 True Wireless Earbuds Bluetooth Headphones Touch Control with Wireless Charging Case IPX8 Waterproof Stereo Earphones in-Ear Built-in Mic Headset Premium Deep Bass for Sport Black,They didn‚Äôt turn on,1.0,They didn‚Äôt turn on,1
R22AB8O274S6FM,"Reviewed in the United States on February 23, 2020",Computers,Data Storage,"SanDisk - SDDDC2-128G-G46 128GB Ultra Dual Drive USB Type-C - USB-C, USB 3.1 - SDDDC2-128G-G46 Gray",Good storage capacity and physical size for price,4.0,"I have used this device about 10 times per week for about 1.5 months. Only problem is ‚Äòlocking‚Äô open for use in either direction, for either connector type.",1
